timestamp,value
0.0,1023
0.0009815692901611328,1023
0.001983642578125,1023
0.002980470657348633,1023
0.003973484039306641,1023
0.004972934722900391,1023
0.006005287170410156,1023
0.006998538970947266,1023
0.007995843887329102,1023
0.008980274200439453,1023
0.009957075119018555,1023
0.010956525802612305,1023
0.011952400207519531,1023
0.012950658798217773,1023
0.01394796371459961,1023
0.014944791793823242,1023
0.014944791793823242,1023
0.014944791793823242,1023
0.015955209732055664,1023
0.015955209732055664,1023
0.015955209732055664,1023
0.016936540603637695,1023
0.016936540603637695,1023
0.016936540603637695,1023
0.016936540603637695,1023
0.01793384552001953,1023
0.01793384552001953,1023
0.01793384552001953,1023
0.01793384552001953,1023
0.01793384552001953,1023
0.01793384552001953,1023
0.01893138885498047,1023
0.01893138885498047,1023
0.01893138885498047,1023
0.01893138885498047,1023
0.01893138885498047,1023
0.01893138885498047,1023
0.019928693771362305,1023
0.019928693771362305,1023
0.019928693771362305,1023
0.019928693771362305,1023
0.019928693771362305,1023
0.019928693771362305,1023
0.019928693771362305,1023
0.019928693771362305,1023
0.02092576026916504,1023
0.02092576026916504,1023
0.028085708618164062,1023
0.040758371353149414,1023
0.052731990814208984,1023
0.060983896255493164,1023
0.07335233688354492,1023
0.08135795593261719,1023
0.09338760375976562,1023
0.10163664817810059,1023
0.11378645896911621,1023
0.12289595603942871,1023
0.13507795333862305,1023
0.14309453964233398,1023
0.15522336959838867,1023
0.1633603572845459,1023
0.17529869079589844,1023
0.18427515029907227,1023
0.19648456573486328,1023
0.20450925827026367,1023
0.21650290489196777,1023
0.22472906112670898,1023
0.23689532279968262,1023
0.2458820343017578,1023
0.2579679489135742,1023
0.26606297492980957,1023
0.2780916690826416,1023
0.28608012199401855,1023
0.2981679439544678,1023
0.3072817325592041,1023
0.3193624019622803,1023
0.3313333988189697,1023
0.33932042121887207,1023
0.35144591331481934,1023
0.36040520668029785,1023
0.37252044677734375,1023
0.3804590702056885,1023
0.3925325870513916,1023
0.4011056423187256,1023
0.41359591484069824,1023
0.42183637619018555,1023
0.433361291885376,1023
0.441730260848999,1023
0.4539964199066162,1023
0.46225404739379883,1023
0.4743068218231201,1023
0.48348450660705566,1023
0.49480509757995605,1023
0.5038294792175293,1023
0.515869140625,1023
0.5239353179931641,1023
0.5358991622924805,1023
0.5448780059814453,1023
0.5569605827331543,1023
0.5649113655090332,1023
0.576923131942749,1023
0.5850813388824463,1023
0.5981974601745605,1023
0.6103322505950928,1023
0.6184101104736328,1023
0.6305408477783203,1023
0.6386246681213379,1023
0.6507182121276855,1023
0.6587529182434082,1023
0.6708195209503174,1023
0.6798064708709717,1023
0.691786527633667,1023
0.699763298034668,1023
0.7119271755218506,1023
0.721055269241333,1023
0.7330648899078369,1023
0.7410390377044678,1023
0.7530276775360107,1023
0.7611672878265381,1023
0.7733831405639648,1023
0.7823293209075928,1023
0.7944326400756836,1023
0.8026008605957031,1023
0.8147006034851074,1023
0.8227646350860596,1023
0.8348174095153809,1023
0.8438394069671631,1023
0.8558022975921631,1023
0.8640213012695312,1023
0.8761487007141113,1023
0.8883407115936279,1023
0.896324872970581,1023
0.9085826873779297,1023
0.9175863265991211,1023
0.9297776222229004,1023
0.9378402233123779,1023
0.9499247074127197,1023
0.9580399990081787,1023
0.9702208042144775,1023
0.9781599044799805,1023
0.99021315574646,1023
0.9991843700408936,1023
1.011193037033081,1023
1.0191338062286377,1023
1.0312867164611816,1023
1.0404365062713623,1023
1.0526092052459717,1023
1.0606238842010498,1023
1.0726070404052734,1023
1.080765724182129,1023
1.0937671661376953,1023
1.1017491817474365,1023
1.1138875484466553,1023
1.1218657493591309,1023
1.1339352130889893,1023
1.145944595336914,1023
1.1549017429351807,1023
1.1670281887054443,1023
1.1750948429107666,1023
1.1874370574951172,1023
1.1954567432403564,1023
1.2075159549713135,1023
1.2164945602416992,1023
1.2285614013671875,1023
1.236534595489502,1023
1.2485179901123047,1023
1.256497859954834,1023
1.2694897651672363,1023
1.2774689197540283,1023
1.2894091606140137,1023
1.2973875999450684,1023
1.3105049133300781,1023
1.3185856342315674,1023
1.331162691116333,1023
1.3392980098724365,1023
1.3507733345031738,1023
1.35917329788208,1023
1.3712899684906006,1023
1.3802087306976318,1023
1.392465353012085,1023
1.4005722999572754,1023
1.4126379489898682,1023
1.4249327182769775,1023
1.4328746795654297,1023
1.4450550079345703,1023
1.4540386199951172,1023
1.4660241603851318,1023
1.4739854335784912,1023
1.4865705966949463,1023
1.4945564270019531,1023
1.5066523551940918,1023
1.5147292613983154,1023
1.5276570320129395,1023
1.5356740951538086,1023
1.5480406284332275,1023
1.5560617446899414,1023
1.568345308303833,1023
1.5763294696807861,1023
1.588630199432373,1023
1.5966694355010986,1023
1.6088595390319824,1023
1.6179423332214355,1023
1.630185842514038,1023
1.6375069618225098,1023
1.6505746841430664,1023
1.6586928367614746,1023
1.6709868907928467,1023
1.6790704727172852,1023
1.6910400390625,1023
1.703181505203247,1023
1.7121984958648682,1023
1.7242588996887207,1023
1.732356071472168,1023
1.7445809841156006,1023
1.7526025772094727,1023
1.7645952701568604,1023
1.7725732326507568,1023
1.785539150238037,1023
1.7934894561767578,1023
1.8054852485656738,1023
1.8134853839874268,1023
1.8264527320861816,1023
1.8344306945800781,1023
1.8465840816497803,1023
1.8545947074890137,1023
1.8675377368927002,1023
1.8756027221679688,1023
1.8876721858978271,1023
1.8956522941589355,1023
1.907620906829834,1023
1.9168148040771484,1023
1.9283335208892822,1023
1.9375391006469727,1023
1.9495468139648438,1023
1.9576423168182373,1023
1.9696893692016602,1023
1.9817063808441162,1023
1.9906823635101318,1023
2.0027661323547363,1023
2.0107569694519043,1023
2.02280330657959,1023
2.0308337211608887,1023
2.043797731399536,1023
2.0517776012420654,1023
2.0639140605926514,1023
2.0718634128570557,1023
2.083953380584717,1023
2.0929479598999023,1023
2.105032444000244,1023
2.1129727363586426,1023
2.1254515647888184,1023
2.133415460586548,1023
2.145353078842163,1023
2.154376983642578,1023
2.1664719581604004,1023
2.174569606781006,1023
2.186504602432251,1023
2.1964759826660156,1023
2.2074460983276367,1023
2.2154250144958496,1023
2.2273924350738525,1023
2.239370346069336,1023
2.248351812362671,1023
2.2603261470794678,1023
2.268362522125244,1023
2.2804110050201416,1023
2.2887494564056396,1023
2.301027536392212,1023
2.3092081546783447,1023
2.321760654449463,1023
2.3297975063323975,1023
2.3427231311798096,1023
2.3507020473480225,1023
2.3626708984375,1023
2.3706729412078857,1023
2.3836331367492676,1023
2.3916163444519043,1023
2.4035890102386475,1023
2.411569595336914,1023
2.4246089458465576,1023
2.4325106143951416,1023
2.444714069366455,1023
2.4526889324188232,1023
2.464855909347534,1023
2.4738564491271973,1023
2.486079454421997,1023
2.4934890270233154,1023
2.5058934688568115,1023
2.518057346343994,1023
2.527057409286499,1023
2.5390093326568604,1023
2.547171115875244,1023
2.5592613220214844,1023
2.5672831535339355,1023
2.5802409648895264,1023
2.5884690284729004,1023
2.600275993347168,1023
2.608625650405884,1023
2.6210289001464844,1023
2.6293108463287354,1023
2.6416878700256348,1023
2.6498143672943115,1023
2.6619749069213867,1023
2.669959783554077,1023
2.682392120361328,1023
2.69045090675354,1023
2.702418804168701,1023
2.7115283012390137,1023
2.7237532138824463,1023
2.7317323684692383,1023
2.7440671920776367,1023
2.752021074295044,1023
2.7641875743865967,1023
2.772202730178833,1023
2.784327745437622,1023
2.7964653968811035,1022
2.8054511547088623,1019
2.8177103996276855,1017
2.8256804943084717,1015
2.837801456451416,1011
2.846745729446411,1008
2.8587589263916016,1005
2.866985321044922,1002
2.8750293254852295,997
2.8871352672576904,991
2.895111560821533,985
2.9073591232299805,979
2.916369915008545,972
2.928600549697876,968
2.936617136001587,962
2.948664903640747,957
2.9568381309509277,950
2.968890428543091,943
2.9770584106445312,938
2.9892570972442627,934
2.998229742050171,932
3.0102779865264893,928
3.0183393955230713,922
3.0303421020507812,914
3.042318344116211,909
3.0513789653778076,905
3.0635573863983154,900
3.071631669998169,898
3.0839297771453857,895
3.09199595451355,895
3.10396409034729,895
3.112016201019287,894
3.1249871253967285,894
3.1330792903900146,894
3.145214080810547,894
3.1532270908355713,894
3.1652941703796387,894
3.173532724380493,895
3.1861820220947266,894
3.1942636966705322,894
3.206911563873291,894
3.2150213718414307,893
3.2273879051208496,894
3.235407590866089,895
3.2475740909576416,895
3.2556614875793457,895
3.2681007385253906,894
3.276071310043335,895
3.2881317138671875,895
3.297107458114624,896
3.309173345565796,896
3.3171184062957764,896
3.3290867805480957,896
3.3380587100982666,897
3.350188732147217,896
3.3582091331481934,896
3.370304822921753,896
3.378279209136963,896
3.3904781341552734,897
3.3996760845184326,896
3.41182541847229,895
3.419847011566162,896
3.431797742843628,896
3.439775228500366,896
3.452714443206787,896
3.4609382152557373,897
3.473189115524292,897
3.4806668758392334,896
3.4931511878967285,896
3.50154185295105,896
3.513723373413086,896
3.522003650665283,896
3.534456968307495,896
3.542572259902954,896
3.5547382831573486,896
3.5629518032073975,896
3.5750458240509033,896
3.5839807987213135,896
3.596193313598633,896
3.604233980178833,896
3.616419553756714,896
3.6245615482330322,897
3.636734962463379,898
3.644723415374756,900
3.656853437423706,901
3.665827512741089,902
3.6777639389038086,903
3.685741662979126,904
3.6978230476379395,905
3.7068798542022705,906
3.7191426753997803,905
3.727095127105713,907
3.739152431488037,908
3.751361846923828,909
3.759371280670166,909
3.7713048458099365,910
3.7803268432617188,911
3.792422294616699,912
3.8005504608154297,913
3.812595844268799,913
3.8215701580047607,913
3.8335862159729004,913
3.8417179584503174,913
3.853769063949585,914
3.861790895462036,915
3.8738012313842773,917
3.8829073905944824,918
3.8949849605560303,918
3.903048276901245,918
3.915262222290039,919
3.9236042499542236,920
3.935708522796631,920
3.9437334537506104,921
3.9557509422302246,922
3.9647908210754395,922
3.9769508838653564,923
3.985016107559204,923
3.9970204830169678,924
4.0051350593566895,924
4.01715350151062,924
4.0261640548706055,924
4.038305044174194,924
4.046369552612305,923
4.058363437652588,924
4.067356824874878,924
4.078651666641235,924
4.08764123916626,924
4.099647283554077,924
4.10783314704895,923
4.119959115982056,923
4.127981424331665,923
4.140911817550659,923
4.148891925811768,923
4.160942077636719,923
4.168951034545898,922
4.181044340133667,921
4.190156698226929,922
4.2023680210113525,921
4.2103612422943115,922
4.222352981567383,922
4.230414152145386,922
4.242444276809692,921
4.251390695571899,922
4.26339864730835,921
4.2714619636535645,921
4.283965110778809,921
4.292181730270386,921
4.304269790649414,921
4.312297344207764,921
4.32531476020813,921
4.333515882492065,921
4.345525026321411,921
4.3535003662109375,921
4.3657684326171875,921
4.373905658721924,920
4.386194705963135,920
4.394181966781616,920
4.406346559524536,920
4.415410280227661,920
4.427378177642822,919
4.435397386550903,919
4.447375297546387,920
4.460340261459351,919
4.468486547470093,919
4.479787588119507,919
4.488873481750488,919
4.500972032546997,919
4.508916616439819,919
4.520990610122681,919
4.53004789352417,919
4.542019367218018,919
4.550024509429932,918
4.562138080596924,918
4.570632219314575,917
4.582177639007568,918
4.591317176818848,918
4.602780103683472,918
4.611050844192505,918
4.623506307601929,918
4.631645917892456,918
4.643816232681274,916
4.652975559234619,918
4.665038585662842,918
4.672989845275879,918
4.685210227966309,918
4.693275690078735,917
4.7052085399627686,917
4.714184761047363,918
4.7262420654296875,917
4.7343056201934814,918
4.74641752243042,918
4.754430532455444,918
4.766650438308716,918
4.775619983673096,917
4.78767204284668,917
4.795780420303345,918
4.807791709899902,918
4.816729784011841,918
4.8286967277526855,918
4.836674928665161,918
4.848670244216919,918
4.856876373291016,918
4.869243621826172,918
4.877466917037964,918
4.890156507492065,918
4.898162126541138,917
4.910533428192139,917
4.9180779457092285,917
4.930618524551392,917
4.939619541168213,918
4.951038360595703,917
4.9600114822387695,918
4.971979141235352,918
4.9799580574035645,918
4.99203085899353,918
5.000418424606323,917
5.012815237045288,917
5.0209269523620605,918
5.033369541168213,918
5.0409557819366455,918
5.053292274475098,917
5.062340974807739,917
5.074455261230469,917
5.082543611526489,917
5.094602346420288,917
5.102813720703125,917
5.114861965179443,917
5.123932361602783,917
5.1360273361206055,917
5.143976211547852,917
5.156115531921387,917
5.164389371871948,917
5.176429271697998,917
5.188614845275879,917
5.1975908279418945,917
5.208864212036133,917
5.21796178817749,917
5.229294300079346,918
5.2383339405059814,917
5.25043511390686,917
5.258394718170166,917
5.270409345626831,917
5.279439210891724,917
5.291646718978882,918
5.299591541290283,917
5.311731338500977,917
5.320242166519165,917
5.332246780395508,917
5.340234279632568,917
5.352203607559204,917
5.361138582229614,917
5.373144865036011,917
5.381115674972534,916
5.394076824188232,917
5.402026891708374,917
5.413685083389282,918
5.422771692276001,917
5.435025453567505,917
5.443329572677612,917
5.455498695373535,917
5.463712692260742,917
5.4759838581085205,917
5.484144687652588,917
5.496514320373535,917
5.504617214202881,918
5.516701936721802,917
5.5247814655303955,917
5.5369017124176025,918
5.544961929321289,917
5.558075904846191,917
5.566082954406738,918
5.578150033950806,917
5.586297035217285,917
5.59848427772522,917
5.606470108032227,917
5.619569301605225,917
5.627553939819336,917
5.6395087242126465,917
5.648492336273193,918
5.660427093505859,917
5.668580055236816,917
5.68093466758728,917
5.688957691192627,917
5.701026439666748,917
5.709220886230469,918
5.7212347984313965,917
5.730210542678833,917
5.742204189300537,917
5.750230312347412,917
5.762162446975708,917
5.771134614944458,917
5.78319525718689,918
5.791290760040283,918
5.803578615188599,917
5.81168794631958,918
5.8237481117248535,918
5.83178448677063,917
5.843868017196655,917
5.852809190750122,918
5.864980220794678,917
5.872928142547607,917
5.885099411010742,917
5.893181800842285,916
5.906157493591309,917
5.91815710067749,917
5.926140546798706,917
5.938162326812744,917
5.946320533752441,918
5.958499908447266,917
5.967522382736206,918
5.979454278945923,917
5.9875757694244385,917
5.999664306640625,917
6.007657051086426,917
6.019887208938599,917
6.028866529464722,917
6.041199207305908,917
6.049211740493774,917
6.061184644699097,917
6.070122003555298,916
6.081363677978516,917
6.090348482131958,917
6.102338790893555,917
6.110412359237671,917
6.122549533843994,917
6.131580591201782,917
6.1436448097229,917
6.151705265045166,916
6.163984060287476,916
6.172100067138672,917
6.184068918228149,917
6.192103862762451,916
6.205069303512573,916
6.21315860748291,916
6.225238561630249,916
6.233217716217041,916
6.245477199554443,917
6.253510475158691,917
6.26565957069397,916
6.274603843688965,916
6.2868452072143555,916
6.294856309890747,916
6.306818008422852,916
6.315762042999268,917
6.327851057052612,916
6.335912466049194,917
6.34813928604126,916
6.356121063232422,916
6.368194818496704,916
6.377312898635864,917
6.389274597167969,916
6.39729905128479,917
6.409356117248535,916
6.418396472930908,916
6.430485010147095,916
6.438510179519653,916
6.450520277023315,916
6.458463430404663,917
6.470558166503906,916
6.4796881675720215,916
6.491658449172974,916
6.499601125717163,916
6.511595010757446,916
6.519680500030518,916
6.532025098800659,916
6.540345668792725,916
6.552847862243652,916
6.56122612953186,916
6.5736353397369385,916
6.58163595199585,916
6.593687295913696,915
6.602149486541748,916
6.614176511764526,916
6.622193098068237,916
6.6351234912872314,916
6.647127866744995,916
6.655066728591919,916
6.667391777038574,916
6.676361322402954,916
6.688392639160156,916
6.696368455886841,917
6.708509683609009,916
6.716527938842773,916
6.728455305099487,916
6.737459897994995,916
6.749727725982666,916
6.757871150970459,916
6.770039796829224,916
6.777979612350464,916
6.790147542953491,916
6.798221111297607,916
6.811237335205078,916
6.819241285324097,916
6.831348180770874,916
6.8396360874176025,916
6.85171914100647,916
6.859698295593262,916
6.871948003768921,916
6.8801422119140625,916
6.89311671257019,916
6.901280641555786,916
6.913455963134766,916
6.921473979949951,916
6.933590412139893,916
6.941646575927734,916
6.953745365142822,916
6.962945461273193,916
6.975045919418335,916
6.983066082000732,916
6.995282173156738,916
7.00342583656311,916
7.015393018722534,917
7.024542808532715,917
7.036592483520508,917
7.044645309448242,917
7.056743860244751,917
7.065141201019287,917
7.077483415603638,917
7.0849504470825195,916
7.097299814224243,918
7.10567831993103,917
7.117934942245483,917
7.126009941101074,918
7.1380698680877686,918
7.147082567214966,918
7.159045457839966,918
7.167283058166504,918
7.179655313491821,918
7.188116073608398,918
7.199775457382202,918
7.207953691482544,918
7.220128297805786,918
7.228402137756348,919
7.240776538848877,918
7.249791860580444,918
7.261778116226196,919
7.269842147827148,919
7.281893491744995,919
7.289875268936157,919
7.302896738052368,919
7.311053037643433,919
7.323374271392822,918
7.3314783573150635,919
7.343483924865723,919
7.351595163345337,918
7.363647937774658,920
7.3757123947143555,920
7.384336948394775,921
7.396726369857788,921
7.4050469398498535,921
7.417410612106323,921
7.4248597621917725,922
7.4368507862091064,922
7.445825815200806,923
7.457793712615967,922
7.465907573699951,923
7.4781434535980225,923
7.487147092819214,923
7.4985456466674805,923
7.507171630859375,925
7.518921613693237,926
7.527993202209473,926
7.539422988891602,926
7.5484936237335205,926
7.560604572296143,927
7.568620920181274,927
7.580639362335205,926
7.58962345123291,928
7.600908279418945,928
7.609961986541748,928
7.6219704151153564,928
7.630165100097656,929
7.642316818237305,929
7.650373458862305,929
7.662567138671875,930
7.671549320220947,930
7.683558464050293,931
7.691642999649048,932
7.703688383102417,933
7.711751699447632,934
7.724122524261475,943
7.73213529586792,952
7.745231628417969,958
7.7532525062561035,962
7.765386581420898,966
7.773399829864502,970
7.785539865493774,975
7.794477701187134,980
7.806529760360718,982
7.814732551574707,982
7.82686448097229,983
7.834938049316406,983
7.847086191177368,985
7.855100154876709,988
7.868039131164551,989
7.876124143600464,992
7.888235569000244,995
7.896332263946533,995
7.908620834350586,995
7.916656970977783,996
7.92958927154541,996
7.937563419342041,996
7.94981575012207,996
7.957787752151489,996
7.969834804534912,997
7.978772401809692,998
7.99005651473999,998
7.999278545379639,999
8.011270999908447,999
8.019357919692993,999
8.031359672546387,999
8.03930926322937,998
8.05186152458191,999
8.060147047042847,999
8.072617530822754,999
8.080864906311035,999
8.093186378479004,999
8.105452537536621,999
8.113542795181274,998
8.125819206237793,999
8.133876323699951,999
8.146018266677856,999
8.154094696044922,999
8.166634559631348,999
8.174750566482544,998
8.187364339828491,998
8.19554853439331,998
8.207338571548462,998
8.215348958969116,998
8.227669477462769,999
8.236648797988892,999
8.24869179725647,999
8.256796598434448,998
8.26906967163086,998
8.277165651321411,998
8.289207220077515,999
8.298179149627686,998
8.310112237930298,998
8.318215370178223,998
8.33044147491455,998
8.33838438987732,998
8.350520372390747,998
8.359496831893921,998
8.371462345123291,998
8.379440784454346,998
8.391408681869507,998
8.400384664535522,999
8.412378072738647,998
8.420815229415894,998
8.433143854141235,998
8.440555810928345,998
8.452954769134521,998
8.46106481552124,998
8.473488092422485,998
8.48163366317749,998
8.493712425231934,998
8.502823829650879,998
8.514928579330444,997
8.52294635772705,998
8.535096645355225,998
8.543422222137451,998
8.555912256240845,998
8.564105987548828,998
8.57604455947876,998
8.584113121032715,999
8.596391677856445,998
8.604407787322998,998
8.617570877075195,998
8.625607967376709,998
8.637958765029907,997
8.645986557006836,998
8.658126592636108,999
8.666237592697144,998
8.678370714187622,998
8.686443328857422,998
8.698444128036499,998
8.70763874053955,997
8.719117641448975,998
8.72818922996521,998
8.740238428115845,998
8.748661756515503,998
8.760772943496704,998
8.768733263015747,998
8.78080129623413,998
8.789742708206177,998
8.801706314086914,998
8.813933610916138,998
8.821949481964111,998
8.83408236503601,998
8.842402935028076,998
8.854399681091309,997
8.863345861434937,997
8.87548565864563,998
8.883503198623657,998
8.895508766174316,998
8.903695344924927,998
8.915876626968384,998
8.923938751220703,998
8.936111211776733,997
8.945217847824097,998
8.957351207733154,998
8.965436697006226,998
8.977388858795166,998
8.985406875610352,998
8.99750280380249,998
9.00648546218872,998
9.018565893173218,998
9.026913166046143,997
9.039042234420776,998
9.047029733657837,998
9.058997869491577,997
9.068015813827515,997
9.080019474029541,998
9.087997913360596,997
9.100016355514526,997
9.109064817428589,998
9.121209621429443,997
9.12921929359436,997
9.141232013702393,997
9.150170087814331,997
9.16213846206665,996
9.170389652252197,996
9.18238091468811,997
9.190524816513062,997
9.202836036682129,997
9.210886716842651,997
9.223068237304688,997
9.232049703598022,997
9.243314266204834,997
9.25237226486206,996
9.264601707458496,997
9.272540807723999,997
9.28474235534668,997
9.292838096618652,997
9.304887056350708,996
9.313823461532593,996
9.326111078262329,996
9.334213972091675,996
9.34631061553955,996
9.35433316230774,996
9.366298198699951,995
9.374408721923828,994
9.386999607086182,993
9.395134925842285,991
9.407623529434204,991
9.415747165679932,991
9.427903413772583,991
9.435914278030396,989
9.448254346847534,988
9.45724081993103,988
9.469203472137451,986
9.477502822875977,986
9.489638328552246,984
9.497650384902954,982
9.509950876235962,981
9.521904706954956,981
9.530853986740112,980
9.543070077896118,979
9.551084280014038,979
9.56302261352539,977
9.57102632522583,975
9.584124088287354,974
9.592346906661987,972
9.604105234146118,971
9.612208366394043,970
9.624436616897583,969
9.632529020309448,969
9.644843816757202,968
9.653105974197388,968
9.665603637695312,967
9.673527002334595,967
9.685771703720093,967
9.694901943206787,967
9.706923961639404,966
9.714937448501587,965
9.727041482925415,964
9.735019445419312,961
9.747238159179688,960
9.756177425384521,959
9.76832389831543,957
9.77631163597107,955
9.788553476333618,952
9.796542167663574,946
9.808627128601074,941
9.817731618881226,934
9.829746007919312,929
9.837831974029541,923
9.849985837936401,916
9.85792589187622,912
9.870288848876953,907
9.878455638885498,905
9.890551567077637,904
9.899637460708618,903
9.911609649658203,902
9.919809818267822,903
9.931859254837036,903
9.939836740493774,903
9.952767610549927,903
9.960915327072144,903
9.97299599647522,903
9.980974435806274,903
9.993024349212646,903
10.001090049743652,903
10.014010190963745,902
10.022151708602905,903
10.034204483032227,903
10.042274713516235,903
10.054545640945435,903
10.062768936157227,903
10.074895143508911,902
10.083142518997192,903
10.096179008483887,903
10.104157209396362,903
10.116364240646362,903
10.124396800994873,903
10.136574268341064,902
10.14463210105896,903
10.156722068786621,902
10.165757656097412,903
10.177720308303833,902
10.185901403427124,902
10.19783067703247,902
10.206807613372803,901
10.21882176399231,901
10.227007865905762,898
10.23937702178955,897
10.251433849334717,896
10.259420394897461,894
10.271421909332275,893
10.280397653579712,891
10.292505979537964,888
10.300483703613281,887
10.312602043151855,885
10.3206307888031,884
10.332836389541626,884
10.341923475265503,882
10.353902578353882,882
10.36213994026184,882
10.374091148376465,881
10.382200956344604,880
10.39417314529419,878
10.404146671295166,875
10.415116310119629,873
10.423216342926025,871
10.435386180877686,868
10.443397760391235,867
10.456460237503052,865
10.464427709579468,864
10.476621627807617,862
10.484851837158203,860
10.496844291687012,858
10.505176067352295,857
10.517444849014282,856
10.525553464889526,855
10.53774881362915,854
10.546023607254028,854
10.558243036270142,853
10.56722640991211,851
10.579261302947998,850
10.587326765060425,849
10.599561929702759,848
10.607627868652344,848
10.619783639907837,847
10.627940654754639,847
10.640522956848145,846
10.648548364639282,846
10.661006212234497,845
10.669585466384888,845
10.681537866592407,844
10.689649820327759,844
10.701788425445557,844
10.709839344024658,844
10.722275018692017,844
10.730334997177124,844
10.74332332611084,844
10.751409769058228,844
10.763602018356323,844
10.771820068359375,844
10.783652067184448,844
10.791712284088135,844
10.804054260253906,844
10.812502384185791,844
10.824878454208374,844
10.83289647102356,844
10.845318794250488,844
10.85333251953125,843
10.866266250610352,844
10.874241590499878,844
10.886206150054932,843
10.894185543060303,841
10.906352281570435,839
10.915338039398193,837
10.927446126937866,836
10.935510396957397,836
10.947526693344116,835
10.955670833587646,834
10.967686653137207,834
10.980684757232666,833
10.988713264465332,833
11.00121784210205,833
11.00919771194458,832
11.021281003952026,831
11.029340505599976,830
11.041376113891602,828
11.05034065246582,828
11.062475204467773,827
11.070489406585693,825
11.08265495300293,825
11.090633153915405,823
11.10263204574585,821
11.111682891845703,820
11.123472929000854,818
11.131839990615845,817
11.143969774246216,816
11.152180194854736,816
11.164739608764648,816
11.1730215549469,814
11.184638738632202,814
11.19370722770691,814
11.205274105072021,814
11.213465690612793,814
11.225703716278076,814
11.234665393829346,814
11.246889591217041,813
11.254876613616943,813
11.267199277877808,811
11.275216817855835,811
11.287365674972534,810
11.295469284057617,809
11.307937383651733,808
11.316277265548706,808
11.328789234161377,807
11.336702346801758,807
11.348940372467041,806
11.356946229934692,806
11.368880987167358,806
11.377861976623535,805
11.389832735061646,805
11.3978853225708,804
11.410020589828491,804
11.418191194534302,804
11.431293725967407,802
11.439503192901611,802
11.45174789428711,800
11.459953546524048,800
11.472234964370728,799
11.47968602180481,799
11.492653608322144,800
11.500636339187622,799
11.512632369995117,799
11.520583391189575,799
11.533548831939697,799
11.541527509689331,799
11.553515911102295,800
11.561494827270508,799
11.57457184791565,799
11.58277177810669,799
11.59475564956665,799
11.602957248687744,799
11.61498737335205,799
11.623037815093994,799
11.636094331741333,799
11.644080638885498,799
11.656048774719238,799
11.664233922958374,799
11.677253246307373,799
11.688344717025757,799
11.69728684425354,799
11.709287166595459,799
11.717345237731934,800
11.729409217834473,799
11.73844027519226,799
11.750580072402954,799
11.75868844985962,798
11.7706458568573,799
11.779589176177979,799
11.791605472564697,799
11.799568891525269,799
11.811527252197266,799
11.819504976272583,798
11.832470655441284,799
11.840015888214111,799
11.852348804473877,799
11.861313343048096,799
11.873411417007446,799
11.881605863571167,799
11.893669843673706,798
11.901675462722778,797
11.913689851760864,797
11.922768354415894,795
11.934932947158813,794
11.942918300628662,794
11.955078363418579,793
11.963325023651123,792
11.97540831565857,790
11.983490228652954,789
11.995639562606812,787
12.004623889923096,786
12.016762733459473,786
12.025054216384888,785
12.03724217414856,784
12.045354127883911,783
12.057325601577759,781
12.066351890563965,780
12.078370571136475,780
12.086534976959229,779
12.09855031967163,779
12.106825590133667,778
12.119301080703735,777
12.127267837524414,777
12.139235734939575,776
12.148259162902832,775
12.160345077514648,775
12.16833209991455,774
12.180343389511108,773
12.18836760520935,772
12.200480461120605,771
12.209548950195312,770
12.221686124801636,770
12.229782819747925,769
12.242194890975952,769
12.25027585029602,768
12.262510538101196,768
12.270533084869385,767
12.282673358917236,766
12.290873050689697,766
12.303151369094849,766
12.311135053634644,765
12.32372498512268,765
12.331934928894043,765
12.344112873077393,765
12.353047132492065,765
12.36433720588684,765
12.373433113098145,764
12.385634422302246,764
12.397631883621216,765
12.405682563781738,765
12.417723178863525,764
12.425954103469849,764
12.438049554824829,765
12.447032451629639,765
12.459127187728882,765
12.467163801193237,765
12.479463577270508,765
12.487530946731567,765
12.49953579902649,765
12.507883310317993,765
12.519805908203125,765
12.529022932052612,765
12.540425062179565,765
12.548556566238403,765
12.560800552368164,765
12.569833517074585,765
12.58182692527771,766
12.58986234664917,765
12.602278232574463,766
12.610475778579712,765
12.622443914413452,765
12.630406141281128,766
12.64369010925293,766
12.651838302612305,766
12.663751363754272,766
12.67183780670166,766
12.684052228927612,766
12.692582845687866,766
12.704843282699585,767
12.712942838668823,766
12.725541591644287,767
12.732805013656616,766
12.745847702026367,766
12.75392770767212,766
12.765935182571411,767
12.773972511291504,767
12.786304235458374,766
12.795291423797607,767
12.807470560073853,767
12.81551218032837,767
12.827544212341309,767
12.835593223571777,767
12.847815752029419,767
12.856781721115112,767
12.868937969207764,768
12.8772132396698,767
12.889337301254272,768
12.897313356399536,768
12.909789323806763,768
12.917762279510498,768
12.929744243621826,768
12.93867826461792,768
12.950813055038452,768
12.958912134170532,768
12.970982074737549,768
12.978963851928711,768
12.99111032485962,768
12.999476671218872,768
13.011577367782593,768
13.020515203475952,768
13.03277325630188,769
13.04075002670288,768
13.052715539932251,769
13.060693740844727,769
13.073692083358765,770
13.080984115600586,770
13.093242168426514,769
13.102219820022583,769
13.114277362823486,769
13.126486539840698,770
13.134491920471191,770
13.146820783615112,770
13.154953241348267,771
13.167330026626587,770
13.175458431243896,770
13.18794059753418,770
13.196152448654175,770
13.208338499069214,769
13.216327428817749,769
13.22849440574646,770
13.237549781799316,769
13.249804735183716,770
13.257809162139893,770
13.269985914230347,770
13.278122425079346,770
13.290282487869263,770
13.298270463943481,770
13.310590267181396,770
13.319613456726074,770
13.331615924835205,770
13.339586019515991,770
13.351658582687378,770
13.3597412109375,770
13.371790647506714,770
13.380772113800049,770
13.392845153808594,770
13.40115475654602,770
13.413158416748047,770
13.42118215560913,770
13.434189796447754,770
13.442168951034546,769
13.454134464263916,770
13.462173700332642,770
13.474413633346558,770
13.482803583145142,770
13.495177984237671,770
13.503503799438477,771
13.515815734863281,770
13.524207592010498,770
13.536454200744629,770
13.544666767120361,770
13.556946992874146,770
13.565115690231323,770
13.577249526977539,770
13.585428237915039,770
13.597431898117065,770
13.60640573501587,770
13.618389368057251,770
13.626569986343384,770
13.638787031173706,770
13.646800518035889,770
13.65882134437561,770
13.667871475219727,770
13.679131031036377,770
13.688255071640015,770
13.700308322906494,770
13.708444356918335,770
13.720449686050415,769
13.728394031524658,770
13.741461038589478,770
13.74952507019043,770
13.761909484863281,771
13.769957304000854,771
13.781991720199585,771
13.79006314277649,771
13.80206036567688,772
13.811006546020508,772
13.8231360912323,772
13.831121444702148,772
13.84329628944397,772
13.85545015335083,772
13.863603353500366,772
13.875812292098999,772
13.883903741836548,772
13.89692211151123,772
13.905020713806152,772
13.917073726654053,773
13.925015449523926,772
13.937108039855957,773
13.946249961853027,773
13.957465410232544,774
13.966450452804565,774
13.978498458862305,774
13.98667287826538,775
13.998647689819336,775
14.007626056671143,775
14.019581317901611,775
14.027709722518921,776
14.040165662765503,777
14.048268556594849,777
14.060276508331299,778
14.06849479675293,778
14.080700635910034,778
14.089682817459106,778
14.101751804351807,778
14.109771013259888,778
14.121864557266235,777
14.130040645599365,777
14.142130136489868,778
14.150276184082031,778
14.162270545959473,778
14.171248197555542,778
14.183268547058105,778
14.191484451293945,777
14.203566789627075,777
14.211754083633423,777
14.223834753036499,777
14.232783555984497,778
14.245141506195068,778
14.252544403076172,778
14.265534162521362,778
14.273590087890625,779
14.285815954208374,778
14.29382872581482,778
14.30600619316101,778
14.314981698989868,779
14.327051162719727,779
14.335019588470459,779
14.347243785858154,777
14.355223417282104,779
14.367366552352905,779
14.375336408615112,779
14.388280630111694,779
14.396279096603394,779
14.408246994018555,779
14.416225671768188,779
14.429198980331421,779
14.437540292739868,780
14.449053525924683,779
14.457480430603027,779
14.46973180770874,780
14.47790241241455,779
14.490485906600952,779
14.498392581939697,779
14.511358976364136,780
14.51870083808899,780
14.531851053237915,780
14.539962768554688,780
14.551893949508667,780
14.560384750366211,779
14.57269287109375,780
14.58436918258667,780
14.593251466751099,781
14.604730606079102,781
14.613013982772827,781
14.625110149383545,781
14.634047508239746,781
14.646273136138916,781
14.654258728027344,782
14.666439056396484,782
14.67446255683899,782
14.686651468276978,783
14.695664167404175,784
14.70778489112854,784
14.715770959854126,784
14.72797703742981,784
14.736046075820923,784
14.748142004013062,784
14.75708532333374,784
14.769310712814331,785
14.77725863456726,785
14.789435863494873,785
14.79773736000061,785
14.810066938400269,786
14.818005561828613,786
14.830458164215088,786
14.8384108543396,787
14.850380897521973,786
14.859447240829468,787
14.871592998504639,787
14.879719734191895,787
14.892001152038574,787
14.900020360946655,787
14.911995887756348,787
14.920506000518799,787
14.9325110912323,787
14.941447973251343,788
14.95359182357788,788
14.961577415466309,788
14.973891973495483,788
14.981944561004639,788
14.994039297103882,789
15.002203226089478,788
15.01435136795044,789
15.0225088596344,788
15.035657405853271,789
15.043910503387451,789
15.056018829345703,789
15.064234733581543,789
15.076469659805298,789
15.084567308425903,789
15.09673523902893,789
15.104874849319458,789
15.117123126983643,789
15.125199317932129,790
15.137160539627075,790
15.146262645721436,790
15.157585620880127,790
15.166569232940674,790
15.178626298904419,790
15.186854839324951,790
15.198882341384888,790
15.206885814666748,790
15.219927549362183,790
15.228042125701904,790
15.239970684051514,790
15.248124122619629,790
15.260371685028076,790
15.268365144729614,790
15.28079867362976,790
15.288790225982666,791
15.30186676979065,790
15.314067125320435,790
15.322077989578247,790
15.33437705039978,790
15.342543125152588,790
15.354684352874756,791
15.36290454864502,790
15.3752281665802,790
15.383397340774536,790
15.395602226257324,790
15.403794050216675,790
15.41579532623291,790
15.423877716064453,790
15.436060428619385,790
15.445072650909424,790
15.457260847091675,790
15.464916706085205,790
15.4772629737854,790
15.485443115234375,790
15.49793815612793,790
15.50607419013977,790
15.518092393875122,790
15.527120113372803,790
15.539071798324585,791
15.547227382659912,790
15.559684038162231,790
15.567746877670288,791
15.579758644104004,790
15.587944507598877,791
15.600028991699219,791
15.609057426452637,790
15.621052265167236,791
15.629085302352905,791
15.641304731369019,791
15.649359226226807,791
15.661498069763184,791
15.670483350753784,791
15.682817935943604,792
15.690749645233154,791
15.707703828811646,792
15.710694789886475,792
15.723697662353516,792
15.730901002883911,792
15.744012832641602,793
15.752013683319092,793
15.764290571212769,793
15.772326707839966,794
15.784804105758667,794
15.792768716812134,794
15.80500841140747,794
15.813236951828003,794
15.825570821762085,794
15.834542512893677,795
15.846570014953613,795
15.854663133621216,795
15.866652250289917,796
15.874644994735718,795
15.886801958084106,796
15.895817995071411,796
15.90783977508545,796
15.91581392288208,797
15.92779803276062,797
15.93677020072937,797
15.949037075042725,797
15.957067489624023,797
15.969077587127686,799
15.977024793624878,799
15.989990472793579,799
15.997999668121338,799
16.01003360748291,799
16.018012523651123,799
16.03024673461914,799
16.04220962524414,800
16.051188468933105,800
16.06320095062256,801
16.071316242218018,801
16.083244562149048,802
16.092249155044556,803
16.104305505752563,804
16.11228895187378,805
16.124451398849487,805
16.132547855377197,806
16.145484924316406,809
16.153499126434326,813
16.165635585784912,815
16.17358136177063,817
16.185671091079712,819
16.19463849067688,820
16.206706523895264,821
16.214682579040527,822
16.226919412612915,824
16.234938383102417,824
16.247091054916382,826
16.25606107711792,826
16.26806330680847,826
16.276089906692505,827
16.288100242614746,827
16.297142267227173,827
16.308409452438354,828
16.317380666732788,829
16.3293936252594,829
16.338377952575684,830
16.34947967529297,830
16.358511209487915,831
16.37066411972046,831
16.378605842590332,831
16.390838861465454,832
16.39903163909912,832
16.411130905151367,832
16.420104026794434,832
16.432158946990967,832
16.44023036956787,832
16.452194452285767,833
16.461135149002075,832
16.473113775253296,832
16.481212615966797,832
16.49325919151306,832
16.501238107681274,833
16.51425814628601,832
16.522406101226807,832
16.534602642059326,832
16.54263424873352,832
16.554648399353027,832
16.56272292137146,832
16.57572603225708,833
16.583701610565186,832
16.5957133769989,832
16.603956937789917,832
16.61601710319519,832
16.625051021575928,833
16.63706946372986,833
16.6450834274292,832
16.657228231430054,832
16.665374279022217,832
16.67743158340454,833
16.68637228012085,833
16.698379278182983,832
16.706409454345703,832
16.718635320663452,832
16.726577043533325,832
16.738944053649902,832
16.747358322143555,832
16.759023904800415,832
16.772117853164673,832
16.780340671539307,832
16.792537689208984,832
16.800735473632812,832
16.812740802764893,831
16.820719480514526,832
16.83273410797119,832
16.841857433319092,832
16.854098558425903,831
16.862042903900146,832
16.874229431152344,832
16.88246250152588,831
16.89447808265686,832
16.90266489982605,832
16.91663432121277,832
16.923712253570557,831
16.936009883880615,832
16.94408917427063,831
16.956331729888916,831
16.963944911956787,831
16.976176023483276,831
16.984496355056763,831
16.99677562713623,831
17.005756616592407,831
17.017838716506958,831
17.026015996932983,831
17.038108348846436,830
17.046100616455078,830
17.05810523033142,831
17.06709575653076,831
17.07922339439392,830
17.087316751480103,830
17.099320888519287,831
17.10748028755188,830
17.119849681854248,831
17.12787127494812,831
17.14080286026001,830
17.1488938331604,829
17.161098957061768,831
17.16908550262451,830
17.18117356300354,830
17.190155267715454,830
17.20235848426819,829
17.210384845733643,830
17.222302198410034,830
17.230281591415405,830
17.242276191711426,830
17.251258850097656,830
17.262879610061646,830
17.27176570892334,830
17.284058809280396,830
17.292073011398315,829
17.304213523864746,830
17.312159538269043,830
17.32451105117798,830
17.33266854286194,830
17.3456027507782,830
17.353617191314697,830
17.365744829177856,830
17.373684883117676,830
17.385676622390747,830
17.394624948501587,830
17.406593084335327,830
17.414738416671753,830
17.427109718322754,830
17.435190677642822,829
17.44783306121826,830
17.455906629562378,830
17.46830987930298,830
17.479824781417847,830
17.488935470581055,830
17.501159191131592,830
17.509323596954346,830
17.521322011947632,830
17.529345989227295,830
17.54136896133423,830
17.550352096557617,830
17.562535762786865,829
17.570510149002075,830
17.58267569541931,830
17.590749740600586,830
17.603021383285522,829
17.61108899116516,830
17.62406587600708,830
17.632002115249634,830
17.644009113311768,830
17.653035640716553,830
17.6641743183136,830
17.673163890838623,829
17.68534755706787,830
17.693498134613037,830
17.70546793937683,830
17.71440863609314,830
17.725595951080322,830
17.73456859588623,830
17.746715784072876,830
17.75468635559082,830
17.76674747467041,830
17.77571702003479,830
17.78786849975586,830
17.795841455459595,830
17.807899951934814,829
17.816846132278442,830
17.828895807266235,829
17.836911916732788,829
17.848906993865967,830
17.857014417648315,829
17.86917543411255,830
17.878363132476807,830
17.889467000961304,829
17.898481607437134,830
17.910613775253296,830
17.918556451797485,830
17.930641889572144,830
17.93962335586548,830
17.951685905456543,830
17.960062265396118,830
17.97206473350525,829
17.980003356933594,830
17.99197006225586,830
18.001029014587402,830
18.01308012008667,830
18.021094799041748,829
18.033061981201172,830
18.04111671447754,830
18.054200410842896,830
18.06226682662964,830
18.074544191360474,830
18.0826199054718,830
18.094667196273804,830
18.10273241996765,829
18.115723848342896,829
18.123863220214844,830
18.13610291481018,830
18.144304752349854,830
18.156309366226196,828
18.16433358192444,830
18.176393747329712,830
18.185441732406616,830
18.196670293807983,830
18.20899796485901,830
18.218013763427734,829
18.230210304260254,830
18.23845362663269,830
18.250542163848877,830
18.25852346420288,830
18.270555019378662,830
18.27961826324463,830
18.29169535636902,830
18.299683332443237,830
18.31184697151184,830
18.319950103759766,830
18.33214783668518,830
18.340089559555054,830
18.353052377700806,830
18.361058950424194,830
18.373101711273193,830
18.381420612335205,830
18.39344811439514,830
18.401543855667114,830
18.413743257522583,830
18.422743797302246,828
18.434817790985107,829
18.443023920059204,830
18.45527458190918,830
18.46330499649048,830
18.475522994995117,830
18.483673810958862,829
18.495867252349854,830
18.503928422927856,830
18.51695942878723,830
18.52498149871826,830
18.537104606628418,830
18.54524803161621,830
18.55725336074829,830
18.566194534301758,830
18.578213453292847,830
18.586702823638916,830
18.59868597984314,830
18.60674214363098,830
18.61872363090515,830
18.6269371509552,829
18.6399564743042,830
18.64797043800354,830
18.659940719604492,830
18.667898893356323,830
18.680843591690063,830
18.68889546394348,830
18.700907230377197,830
18.708955764770508,830
18.721191883087158,830
18.730157613754272,830
18.742188930511475,830
18.750237226486206,830
18.762365341186523,830
18.770368814468384,830
18.782988786697388,830
18.79134774208069,830
18.803277492523193,830
18.811486959457397,830
18.823945999145508,829
18.832126140594482,829
18.844542264938354,830
18.852739810943604,830
18.865039825439453,830
18.87301778793335,829
18.885236024856567,830
18.893279314041138,829
18.90628409385681,829
18.914268732070923,830
18.92626404762268,830
18.93828511238098,830
18.94632840156555,830
18.958590984344482,829
18.967575550079346,830
18.979543924331665,830
18.98771333694458,829
18.999791383743286,830
19.007957220077515,829
19.019928693771362,830
19.029037714004517,830
19.041302919387817,830
19.0493803024292,830
19.061492681503296,830
19.06947684288025,830
19.081844568252563,830
19.089858293533325,830
19.101874828338623,830
19.110899209976196,830
19.122995853424072,829
19.1310977935791,830
19.14326524734497,829
19.151253700256348,830
19.163554668426514,829
19.171661138534546,830
19.183751106262207,830
19.192768573760986,830
19.20413613319397,830
19.213091611862183,830
19.22518491744995,830
19.23316526412964,830
19.24513292312622,830
19.25429105758667,830
19.26639151573181,830
19.274325847625732,830
19.286672830581665,830
19.294723987579346,830
19.306711673736572,830
19.31578302383423,830
19.327983856201172,830
19.335962295532227,830
19.348423957824707,829
19.356542825698853,830
19.368964910507202,830
19.37698721885681,830
19.3893826007843,830
19.397369623184204,829
19.409497499465942,830
19.417466640472412,830
19.429492712020874,830
19.437820196151733,830
19.449970960617065,830
19.458933115005493,829
19.47118043899536,830
19.479249477386475,830
19.491216897964478,830
19.500192642211914,830
19.512210607528687,829
19.520277738571167,830
19.532599449157715,830
19.540616750717163,830
19.55258321762085,830
19.56076741218567,830
19.573412895202637,830
19.58161497116089,830
19.593860626220703,830
19.60184121131897,830
19.613810300827026,829
19.62229824066162,830
19.63551902770996,830
19.646748542785645,830
19.654860258102417,829
19.66778063774109,830
19.675761699676514,830
19.687804698944092,830
19.695880889892578,830
19.70787286758423,829
19.71710181236267,830
19.7292320728302,831
19.737215995788574,831
19.749417304992676,830
19.75748896598816,830
19.769500970840454,829
19.778475999832153,831
19.790566205978394,831
19.798624753952026,831
19.8107488155365,831
19.818724870681763,831
19.8317711353302,831
19.839908361434937,831
19.85196328163147,831
19.85994815826416,831
19.871968030929565,831
19.881072282791138,831
19.893170833587646,831
19.901246070861816,831
19.91333317756653,830
19.92163896560669,830
19.934600114822388,831
19.94169545173645,832
19.953777074813843,831
19.962806224822998,831
19.97503900527954,830
19.983097076416016,832
19.995235204696655,832
20.003336668014526,833
20.015437841415405,838
20.024412155151367,843
20.03643774986267,846
20.044533491134644,850
20.056589603424072,851
20.06456232070923,852
20.076721668243408,854
20.085809469223022,857
20.097914457321167,860
20.10605549812317,863
20.118056774139404,865
20.12606978416443,868
20.139037132263184,871
20.146986722946167,874
20.159309148788452,878
20.167285680770874,882
20.17929720878601,883
20.1875638961792,885
20.200505018234253,887
20.208486557006836,888
20.22052550315857,889
20.228546857833862,891
20.240526914596558,893
20.24958562850952,895
20.261682748794556,896
20.269748210906982,897
20.282066583633423,897
20.29004430770874,900
20.302019357681274,900
20.310957670211792,902
20.322953701019287,903
20.33104705810547,904
20.34306573867798,906
20.35518169403076,908
20.363382816314697,909
20.376466751098633,909
20.384446620941162,911
20.396438121795654,911
20.40440821647644,912
20.41735863685608,913
20.425337314605713,913
20.437600135803223,915
20.445637702941895,913
20.45783495903015,915
20.466017484664917,917
20.478559970855713,918
20.486655473709106,919
20.49896812438965,920
20.50716495513916,921
20.51919174194336,922
20.527265787124634,922
20.540285110473633,923
20.548384189605713,923
20.560681104660034,923
20.568700313568115,924
20.580628871917725,925
20.588691234588623,926
20.60092854499817,928
20.60990047454834,929
20.62207055091858,929
20.63011622428894,931
20.64225149154663,933
20.65051555633545,935
20.662729740142822,936
20.670742511749268,937
20.683138132095337,938
20.691213369369507,937
20.704192876815796,939
20.712210655212402,940
20.724436044692993,941
20.732550144195557,941
20.744800329208374,941
20.7527813911438,943
20.76490044593811,944
20.773165464401245,944
20.78608751296997,945
20.79410457611084,946
20.806130170822144,947
20.81415033340454,948
20.82621455192566,949
20.835285902023315,951
20.847440242767334,951
20.85541582107544,954
20.867669105529785,955
20.875781297683716,958
20.88785409927368,961
20.896832704544067,963
20.90891194343567,965
20.916954040527344,968
20.9292573928833,969
20.937241315841675,971
20.949383974075317,973
20.957830667495728,975
20.96999216079712,977
20.97795820236206,979
20.990219593048096,980
20.998438358306885,981
21.0106463432312,982
21.019581079483032,982
21.031766414642334,984
21.039844751358032,986
21.0519917011261,987
21.064000129699707,988
21.07301664352417,988
21.084174633026123,989
21.093168258666992,989
21.10514545440674,990
21.113213062286377,992
21.12533211708069,995
21.133485555648804,998
21.1465585231781,1000
21.154500246047974,1002
21.166468381881714,1004
21.174447059631348,1005
21.186503171920776,1006
21.194628953933716,1008
21.207700490951538,1011
21.21576738357544,1014
21.227877855300903,1016
21.236217498779297,1018
21.24871516227722,1019
21.260955095291138,1021
21.26917552947998,1021
21.281259298324585,1023
21.28922462463379,1023
21.301186323165894,1023
21.31013512611389,1023
21.3224093914032,1023
21.33065176010132,1023
21.343121767044067,1023
21.351292371749878,1023
21.36264944076538,1023
21.371651649475098,1023
21.38377046585083,1023
21.391883373260498,1023
21.403945207595825,1023
21.411985397338867,1023
21.42509961128235,1023
21.433075666427612,1023
21.445228576660156,1023
21.453409910202026,1023
21.465765714645386,1023
21.473744869232178,1023
21.48584794998169,1023
21.493830919265747,1023
21.506060123443604,1023
21.518441438674927,1023
21.527424335479736,1023
21.539560794830322,1023
21.547729015350342,1023
21.55981159210205,1023
21.567802906036377,1023
21.579814195632935,1023
21.588826894760132,1023
21.600956439971924,1023
21.609169960021973,1023
21.62130641937256,1022
21.629382371902466,1023
21.64182686805725,1023
21.649858713150024,1023
21.6619074344635,1023
21.67084574699402,1023
21.68299961090088,1023
21.69110107421875,1023
21.703280925750732,1023
21.71139430999756,1023
21.723501205444336,1023
21.731698274612427,1023
21.74402356147766,1023
21.7521014213562,1023
21.7645103931427,1023
21.77256155014038,1023
21.784666299819946,1023
21.796759605407715,1023
21.805779933929443,1023
21.817842960357666,1023
21.82627272605896,1023
21.83824372291565,1023
21.84625005722046,1023
21.858598709106445,1023
21.866578817367554,1023
21.879215002059937,1023
21.887540578842163,1023
21.899807453155518,1023
21.90808129310608,1023
21.919650077819824,1023
21.92866349220276,1023
21.94060206413269,1023
21.948696613311768,1023
21.961668491363525,1023
21.96965003013611,1023
21.981677770614624,1023
21.98967409133911,1023
22.00197720527649,1023
22.01006555557251,1023
22.023085832595825,1023
22.03115200996399,1023
22.04327964782715,1023
22.0512535572052,1023
22.06338882446289,1023
22.07540225982666,1023
22.08437204360962,1023
22.096362829208374,1023
22.104559659957886,1023
22.1165714263916,1023
22.125593662261963,1023
22.13755202293396,1023
22.145662784576416,1023
22.157891511917114,1023
22.165834426879883,1023
22.17783546447754,1023
22.186864614486694,1023
22.198867797851562,1023
22.206815242767334,1023
22.21890926361084,1023
22.22799277305603,1023
22.24004888534546,1023
22.248063325881958,1023
22.259998559951782,1023
22.268971920013428,1023
22.28024435043335,1023
22.289186000823975,1023
22.301188230514526,1023
22.30921506881714,1023
22.321186780929565,1023
22.330248832702637,1023
22.34226417541504,1023
22.354323148727417,1023
22.362614393234253,1023
22.374767303466797,1023
22.38282608985901,1023
22.394797325134277,1023
22.403863430023193,1023
22.415964365005493,1023
22.42406392097473,1023
22.43624997138977,1023
22.444236040115356,1023
22.45626163482666,1023
22.465413570404053,1023
22.477410554885864,1023
22.485361099243164,1023
22.49748682975769,1023
22.505554676055908,1023
22.518529891967773,1023
22.526545524597168,1023
22.53857970237732,1023
22.546745538711548,1023
22.559051036834717,1023
22.56707239151001,1023
22.580047369003296,1023
22.588263273239136,1023
22.600593090057373,1023
22.608616828918457,1023
22.620717763900757,1023
22.632731437683105,1023
22.640793323516846,1023
22.653038024902344,1023
22.6621150970459,1023
22.674107313156128,1023
22.682361125946045,1023
22.694499015808105,1023
22.702478170394897,1023
22.714487552642822,1023
22.722585678100586,1023
22.735648155212402,1023
22.74372911453247,1023
22.75587797164917,1023
22.764073610305786,1023
22.776280403137207,1023
22.784446954727173,1023
22.79666805267334,1023
22.80474281311035,1023
22.81673550605774,1023
22.824992895126343,1023
22.83718705177307,1023
22.846176624298096,1023
22.85831379890442,1023
22.866419076919556,1023
22.87864327430725,1023
22.88662886619568,1023
22.89872145652771,1023
22.911643266677856,1023
22.919779062271118,1023
22.93194270133972,1023
22.93992257118225,1023
22.951945066452026,1023
22.960266828536987,1023
22.972235918045044,1023
22.981249570846558,1023
22.99329686164856,1023
23.00134801864624,1023
23.013328075408936,1023
23.021525382995605,1023
23.03451156616211,1023
23.042586088180542,1023
23.054770469665527,1023
23.0628342628479,1023
23.07484769821167,1023
23.083028078079224,1023
23.096055269241333,1023
23.10420322418213,1023
23.116475582122803,1023
23.124500513076782,1023
23.136654138565063,1023
23.144904851913452,1023
23.156883716583252,1023
23.168931484222412,1023
23.17796015739441,1023
23.190093517303467,1023
23.19819402694702,1023
23.210585594177246,1023
23.21852707862854,1022
23.230700254440308,1022
23.239004373550415,1021
23.251196146011353,1021
23.259137392044067,1021
23.271420001983643,1021
23.280540943145752,1021
23.292547702789307,1021
23.30061388015747,1021
23.312581300735474,1021
23.320647716522217,1020
23.332909107208252,1020
23.341972827911377,1018
23.35423493385315,1016
23.362512826919556,1014
23.37356400489807,1014
23.382567167282104,1014
23.394535541534424,1014
23.402514219284058,1014
23.41547679901123,1014
23.4230740070343,1014
23.435249090194702,1014
23.44760799407959,1014
23.455613374710083,1013
23.46794629096985,1013
23.47614026069641,1014
23.488551139831543,1012
23.497560501098633,1012
23.50890302658081,1012
23.517223358154297,1012
23.529274463653564,1012
23.538304090499878,1012
23.550508737564087,1013
23.558584213256836,1012
23.57062077522278,1012
23.578653812408447,1012
23.590864419937134,1013
23.599992513656616,1012
23.612082481384277,1012
23.620105743408203,1013
23.63219141960144,1013
23.640300273895264,1013
23.652256727218628,1013
23.661243200302124,1013
23.67321228981018,1014
23.681219816207886,1014
23.693455934524536,1014
23.70163893699646,1014
23.713813543319702,1014
23.726203203201294,1014
23.73436427116394,1014
23.746444940567017,1014
23.755388259887695,1014
23.767706871032715,1015
23.775641679763794,1015
23.787742137908936,1015
23.79599380493164,1015
23.80796527862549,1015
23.8159441947937,1015
23.828909397125244,1015
23.837021112442017,1016
23.849528551101685,1015
23.857055187225342,1015
23.8701913356781,1014
23.87755060195923,1015
23.88995337486267,1015
23.898048639297485,1015
23.911537885665894,1015
23.91863489151001,1015
23.931607961654663,1015
23.939587354660034,1015
23.95158886909485,1016
23.95979380607605,1015
23.9719295501709,1016
23.980050325393677,1016
23.993098258972168,1016
24.005184650421143,1016
24.01329493522644,1016
24.025286197662354,1015
24.033265352249146,1016
24.046210765838623,1016
24.054245710372925,1016
24.066215991973877,1016
24.074350118637085,1016
24.08649230003357,1016
24.095510959625244,1016
24.107650995254517,1014
24.115707397460938,1016
24.127793550491333,1016
24.13576912879944,1014
24.1487455368042,1016
24.15681266784668,1016
24.16907286643982,1016
24.177058458328247,1016
24.189356088638306,1015
24.197457551956177,1015
24.209425687789917,1016
24.218363285064697,1016
24.23048496246338,1016
24.23854398727417,1016
24.25075936317444,1016
24.262890577316284,1015
24.270880222320557,1015
24.283429384231567,1015
24.291565656661987,1016
24.30355954170227,1015
24.312530755996704,1016
24.324583768844604,1016
24.33275318145752,1016
24.345091581344604,1016
24.35315752029419,1016
24.36532211303711,1016
24.373401165008545,1016
24.38566541671753,1016
24.393609046936035,1016
24.406776905059814,1016
24.414798736572266,1016
24.426885843276978,1016
24.434986352920532,1014
24.44700288772583,1016
24.45598554611206,1016
24.468300580978394,1016
24.47628378868103,1017
24.488419771194458,1016
24.49640727043152,1016
24.508413314819336,1016
24.517348527908325,1016
24.529645681381226,1016
24.541829347610474,1016
24.55078649520874,1016
24.56178045272827,1016
24.570141315460205,1016
24.582271575927734,1016
24.590490102767944,1016
24.603095769882202,1016
24.611462354660034,1016
24.622975826263428,1016
24.631986141204834,1016
24.6441810131073,1016
24.652316093444824,1016
24.664676666259766,1016
24.672696590423584,1016
24.685022354125977,1016
24.693146467208862,1016
24.705429792404175,1016
24.71340799331665,1016
24.725654363632202,1016
24.733728885650635,1017
24.745912551879883,1017
24.75493884086609,1018
24.767263412475586,1018
24.775272130966187,1017
24.787468433380127,1018
24.795497179031372,1017
24.80785369873047,1017
24.81991171836853,1017
24.827937126159668,1017
24.840861320495605,1017
24.8491051197052,1018
24.861244201660156,1017
24.869343757629395,1017
24.88174867630005,1017
24.889703035354614,1017
24.901695728302002,1017
24.909749031066895,1017
24.9223153591156,1017
24.930673360824585,1018
24.943246126174927,1017
24.951302766799927,1017
24.96375560760498,1017
24.971735954284668,1017
24.983860969543457,1018
24.991886138916016,1017
25.00484037399292,1017
25.012832641601562,1017
25.025050163269043,1017
25.033029079437256,1017
25.045109748840332,1018
25.054205417633057,1017
25.066267013549805,1017
25.074254035949707,1017
25.08629584312439,1017
25.09823203086853,1017
25.10645318031311,1017
25.118669509887695,1017
25.12765645980835,1017
25.139753580093384,1017
25.147964239120483,1017
25.160061359405518,1017
25.16799831390381,1018
25.180010318756104,1017
25.18911623954773,1018
25.20108938217163,1017
25.20925498008728,1017
25.22131085395813,1017
25.229297637939453,1017
25.241479635238647,1018
25.250505447387695,1017
25.262550830841064,1018
25.270562648773193,1017
25.282578229904175,1017
25.29065442085266,1017
25.30379557609558,1017
25.31180763244629,1017
25.32403326034546,1017
25.332176446914673,1016
25.344144105911255,1018
25.353119373321533,1017
25.364440202713013,1017
25.377404928207397,1018
25.385544776916504,1017
25.397693395614624,1017
25.405637979507446,1017
25.417607069015503,1017
25.42674231529236,1017
25.437878370285034,1017
25.4468994140625,1017
25.458864212036133,1016
25.46689224243164,1016
25.478875637054443,1016
25.487942934036255,1013
25.50008726119995,1014
25.50818967819214,1014
25.52068018913269,1013
25.528822898864746,1013
25.540972471237183,1012
25.54910182952881,1011
25.561317443847656,1009
25.569344758987427,1005
25.581424951553345,999
25.590429306030273,995
25.60263729095459,989
25.610891342163086,984
25.622196912765503,979
25.63122868537903,972
25.64357876777649,970
25.651621341705322,969
25.66378879547119,968
25.671908140182495,967
25.683963537216187,965
25.692113399505615,961
25.704602241516113,957
25.712525367736816,951
25.724714040756226,949
25.732898950576782,945
25.74590563774109,943
25.75385046005249,941
25.766106843948364,939
25.774094820022583,939
25.787092924118042,939
25.795085430145264,938
25.80707597732544,937
25.81509017944336,936
25.82731032371521,935
25.83631443977356,933
25.84830117225647,932
25.856331825256348,933
25.86833119392395,932
25.877306699752808,932
25.889496088027954,932
25.89747643470764,932
25.909788846969604,932
25.918007135391235,932
25.930104970932007,933
25.938077926635742,933
25.950181245803833,932
25.959185361862183,932
25.971376419067383,933
25.979389667510986,932
25.991434574127197,932
25.99966025352478,932
26.011959552764893,933
26.019938230514526,933
26.031975984573364,932
26.04110622406006,933
26.053123474121094,933
26.06130361557007,933
26.073315143585205,933
26.08146643638611,934
26.093690633773804,933
26.10572910308838,933
26.1146719455719,934
26.126723527908325,934
26.134702444076538,934
26.146872758865356,934
26.15488862991333,934
26.167897939682007,934
26.175873517990112,934
26.18813467025757,934
26.196280002593994,935
26.20836639404297,935
26.216360807418823,935
26.228586435317993,936
26.237513065338135,936
26.249515771865845,936
26.2574565410614,936
26.26955819129944,936
26.27863073348999,936
26.290738821029663,936
26.298744440078735,936
26.310936450958252,936
26.31891179084778,936
26.330940008163452,936
26.339967966079712,936
26.35197401046753,936
26.360119581222534,936
26.372565746307373,936
26.380626916885376,936
26.392686128616333,936
26.400623083114624,936
26.413588523864746,937
26.421593189239502,936
26.43356704711914,936
26.441513061523438,936
26.4544780254364,936
26.462455987930298,937
26.474452257156372,937
26.4826078414917,937
26.49457597732544,937
26.503551959991455,937
26.51566481590271,937
26.52364730834961,937
26.535762548446655,937
26.54391860961914,937
26.55600666999817,937
26.56508445739746,937
26.577208518981934,937
26.585640907287598,937
26.597949981689453,937
26.606014728546143,937
26.618178606033325,938
26.626290798187256,938
26.63822078704834,938
26.64722990989685,939
26.65925669670105,939
26.667402744293213,939
26.67937922477722,939
26.68734049797058,939
26.700305700302124,940
26.708281755447388,940
26.72022533416748,940
26.72823452949524,940
26.741194248199463,939
26.749173879623413,941
26.761144399642944,941
26.769123077392578,942
26.7820885181427,942
26.790066480636597,942
26.802034378051758,942
26.81001329421997,942
26.822978258132935,943
26.834946632385254,943
26.842897415161133,943
26.855862855911255,943
26.863871335983276,942
26.87580966949463,943
26.883811473846436,943
26.89677596092224,943
26.904755353927612,943
26.91734766960144,943
26.925568103790283,942
26.93790102005005,943
26.94543194770813,944
26.95771837234497,944
26.965856790542603,944
26.978169679641724,944
26.98721218109131,944
26.99920082092285,944
27.00727868080139,944
27.0192551612854,945
27.027433395385742,946
27.03973913192749,946
27.047722101211548,946
27.06068253517151,946
27.068857431411743,947
27.080876111984253,947
27.088972330093384,947
27.101099014282227,948
27.109086751937866,948
27.121315717697144,948
27.1295268535614,948
27.142624616622925,948
27.150649070739746,948
27.162764310836792,950
27.170780420303345,950
27.18271493911743,951
27.191685438156128,952
27.203908681869507,953
27.212158203125,953
27.22445845603943,954
27.232402324676514,955
27.244600772857666,956
27.25263285636902,958
27.264903783798218,959
27.273845434188843,960
27.2860848903656,961
27.294033765792847,962
27.3060040473938,962
27.31405735015869,964
27.327118158340454,965
27.33519148826599,967
27.34731912612915,969
27.35541319847107,976
27.36734676361084,988
27.376400470733643,997
27.388474464416504,1005
27.40049386024475,1010
27.408708572387695,1018
27.420860052108765,1021
27.42889666557312,1023
27.441364765167236,1023
27.449466943740845,1023
27.46142840385437,1023
27.470518827438354,1023
27.482642650604248,1023
27.49062991142273,1023
27.50285315513611,1023
27.510838270187378,1023
27.522884607315063,1023
27.531141757965088,1023
27.544235229492188,1023
27.55222797393799,1023
27.564523220062256,1023
27.572534561157227,1023
27.58446764945984,1023
27.59659194946289,1023
27.605605840682983,1023
27.61767315864563,1023
27.625845432281494,1023
27.638163805007935,1023
27.646145343780518,1023
27.658148527145386,1023
27.667089700698853,1023
27.678274393081665,1023
27.68738603591919,1023
27.69935178756714,1023
27.70738697052002,1023
27.719724416732788,1023
27.727806091308594,1023
27.740843772888184,1023
27.748977661132812,1023
27.7612726688385,1023
27.769266843795776,1023
27.781347036361694,1023
27.789361715316772,1023
27.80145287513733,1023
27.80966067314148,1023
27.821799278259277,1023
27.830811262130737,1023
27.8431134223938,1023
27.855083465576172,1023
27.86342191696167,1023
27.87579584121704,1023
27.883506298065186,1023
27.895724296569824,1023
27.9041485786438,1023
27.916314601898193,1023
27.924381256103516,1023
27.936572790145874,1023
27.945513010025024,1023
27.95751667022705,1023
27.96548581123352,1023
27.977668285369873,1023
27.98595690727234,1023
27.998389959335327,1023
28.00654101371765,1023
28.019042253494263,1023
28.027135610580444,1023
28.039588928222656,1023
28.047595739364624,1023
28.060102939605713,1023
28.068278551101685,1023
28.080354928970337,1023
28.088754177093506,1023
28.10093593597412,1023
28.109084367752075,1023
28.121410608291626,1023
28.133602619171143,1023
28.141611576080322,1023
28.15359091758728,1023
28.162575483322144,1023
28.174490928649902,1023
28.18250560760498,1023
28.194477319717407,1023
28.203446865081787,1023
28.215593814849854,1023
28.223793983459473,1023
28.235984086990356,1023
28.244094133377075,1023
28.25623869895935,1023
28.264212369918823,1023
28.277315855026245,1023
28.285343170166016,1023
28.297439098358154,1023
28.30558133125305,1023
28.317808151245117,1022
28.325828790664673,1023
28.338791370391846,1023
28.346909999847412,1023
28.358962297439575,1023
28.366982460021973,1023
28.378955364227295,1023
28.38801860809326,1023
28.400306701660156,1023
28.4122793674469,1023
28.42024517059326,1023
28.432252407073975,1023
28.440593004226685,1023
28.45262622833252,1023
28.461565494537354,1023
28.47352910041809,1023
28.48156499862671,1023
28.493608474731445,1023
28.502544164657593,1023
28.514596939086914,1023
28.522762775421143,1023
28.534879446029663,1023
28.542868852615356,1023
28.55499243736267,1023
28.5640070438385,1023
28.576178312301636,1023
28.58457851409912,1023
28.596691846847534,1023
28.60466980934143,1023
28.61682415008545,1023
28.62505292892456,1023
28.637105703353882,1023
28.645187854766846,1023
28.658204317092896,1023
28.6662757396698,1023
28.678510427474976,1023
28.690702438354492,1023
28.69863772392273,1023
28.710901021957397,1023
28.719149827957153,1023
28.731169939041138,1023
28.740110635757446,1023
28.752115726470947,1023
28.760082721710205,1023
28.77240753173828,1023
28.780433893203735,1023
28.792534351348877,1023
28.80156397819519,1023
28.8137104511261,1023
28.821727514266968,1023
28.833778619766235,1023
28.84187889099121,1023
28.853895664215088,1023
28.862094163894653,1023
28.875179052352905,1023
28.88328766822815,1023
28.895607471466064,1023
28.90376043319702,1023
28.916059017181396,1023
28.92414093017578,1023
28.936322927474976,1023
28.94436287879944,1023
28.957295179367065,1023
28.968526601791382,1023
28.977534294128418,1023
28.989509105682373,1023
28.997899770736694,1023
29.009999752044678,1023
29.017943382263184,1023
29.030253648757935,1023
29.038267135620117,1023
29.051294326782227,1023
29.05935287475586,1023
29.071447372436523,1023
29.07964515686035,1023
29.091919660568237,1023
29.099897623062134,1023
29.111918687820435,1023
29.1202654838562,1023
29.1332848072052,1023
29.141300916671753,1023
29.153329372406006,1023
29.16123652458191,1023
29.173741102218628,1023
29.182323455810547,1023
29.19460916519165,1023
29.20192551612854,1023
29.214294910430908,1023
29.22732186317444,1023
29.235300064086914,1023
29.24729561805725,1023
29.255246877670288,1023
29.26756453514099,1023
29.275634765625,1023
29.288805961608887,1023
29.296805381774902,1023
29.309065103530884,1023
29.317378759384155,1023
29.328862190246582,1023
29.337957620620728,1023
29.35014843940735,1023
29.35826826095581,1023
29.370607376098633,1023
29.378591060638428,1023
29.390807390213013,1023
29.398986101150513,1023
29.411089181900024,1023
29.41918134689331,1023
29.432242393493652,1023
29.440399408340454,1023
29.452677249908447,1023
29.460662126541138,1023
29.472726106643677,1023
29.480931520462036,1023
29.492854356765747,1023
29.505818843841553,1023
29.51379704475403,1023
29.52582597732544,1023
29.53383445739746,1023
29.545977115631104,1023
29.55492329597473,1023
29.56716513633728,1023
29.575258255004883,1023
29.58778142929077,1023
29.595892190933228,1023
29.60755705833435,1023
29.61565899848938,1023
29.627854824066162,1023
29.636932134628296,1023
29.64916729927063,1023
29.657188415527344,1023
29.66936945915222,1023
29.677428722381592,1023
29.690356016159058,1023
29.698384523391724,1023
29.710382223129272,1023
29.71844172477722,1023
29.73064875602722,1023
29.739632844924927,1023
29.751838445663452,1023
29.75995111465454,1023
29.772042512893677,1023
29.784125328063965,1023
29.792102336883545,1023
29.80406165122986,1023
29.813092947006226,1023
29.825281620025635,1023
29.833295345306396,1023
29.845496654510498,1023
29.853651762008667,1023
29.865776538848877,1023
29.874718189239502,1023
29.886905193328857,1023
29.894903659820557,1023
29.906976461410522,1023
29.915025234222412,1023
29.927239656448364,1023
29.93622636795044,1023
29.948436737060547,1023
29.95643401145935,1023
29.96851110458374,1023
29.976478576660156,1023
29.98854637145996,1023
29.997525691986084,1023
30.00969624519348,1023
